ID, Tittle, Author, Year, Format, FIle
1,dilan dia adalah dilanku tahun 1990,Pidi Baiq,2018,PDF,ebook/dilan.pdf
2,100 ciri orang kaya,Honey Miftahuljannah,2015,PDF,ebook/100ciriorangkaya.pdf
3,efek terima kasih,John Kralik,2010,PDF,ebook/efekterimakasih.pdf
4,dua rembulan,Luna Torashyngu,2007,PDF,ebook/duarembulan.pdf
5,esok,Ar Dee,2018,PDF,ebook/esok.pdf
6,etika publik.Haryatmoko,PDF,ebook/etikaprofesiinsinyur.pdf
7,fake smile,Alvian Aj,PDF,ebook/fakesmile.pdf
8,a simple life,PDF,Desi Anwar.ebook/asimplelife.pdf
9,etika profesi insinyur,PDF,I Putu Jati Arsana,ebook/etikaprofesiinsinyur.pdf
10,DNA sukses mulia,Farid Poniman,PDF,ebook/dnasuksesmulia.pdf
11,resume VR,PDF,Fikri Putra,ebook/resumeVR.pdf
